{"cameraMode":{"drawMode":0,"name":"Shaded","section":"Shading Mode"},"sceneLighting":true,"audioPlay":false,"sceneViewState":{"showFog":true,"showMaterialUpdate":false,"showSkybox":true,"showFlares":true,"showImageEffects":true,"showParticleSystems":true},"in2DMode":false,"pivot":{"x":1.6327929496765137,"y":-1.661423921585083,"z":-0.4697951078414917},"rotation":{"x":-0.14812974631786347,"y":0.30378207564353945,"z":-0.04787458851933479,"w":-0.9399378895759583},"size":5.4348554611206059,"orthographic":false}