{"cameraMode":{"drawMode":0,"name":"Shaded","section":"Shading Mode"},"sceneLighting":false,"audioPlay":false,"sceneViewState":{"showFog":true,"showMaterialUpdate":false,"showSkybox":false,"showFlares":true,"showImageEffects":true,"showParticleSystems":true},"in2DMode":false,"pivot":{"x":-2.384185791015625e-7,"y":-1.0550000667572022,"z":0.0},"rotation":{"x":-0.0015725729754194618,"y":0.9879897236824036,"z":-0.154184028506279,"w":-0.010077015496790409},"size":4.061177730560303,"orthographic":false}