{"cameraMode":{"drawMode":0,"name":"Shaded","section":"Shading Mode"},"sceneLighting":true,"audioPlay":false,"sceneViewState":{"showFog":true,"showMaterialUpdate":false,"showSkybox":true,"showFlares":true,"showImageEffects":true,"showParticleSystems":true},"in2DMode":false,"pivot":{"x":-0.28554439544677737,"y":-0.942600667476654,"z":-0.4403066039085388},"rotation":{"x":-0.08081696182489395,"y":0.6714183688163757,"z":-0.07401867210865021,"w":-0.7329661846160889},"size":6.56602668762207,"orthographic":false}